Hotel_Id,Hotel_Long_Nm,Rm_Typ_Cd,Rm_Typ_Nm,Cal_Dt,Avail_Qty,Sell_Qty,Group_Allocation,Group_Sold,Group_Available,Avail_Percent,Channels,Arrivals,Stayovers,Departures,OnHold
"27336","Wylie Center & Tupper Manor at Endicott College","SG","Endicott Queen","9/16/2026 12:00:00 AM","0","6","0","0","0","0.00000000000000","WEB,CRS,IDS,GDS,SYDC","5","1","6",""
"27336","Wylie Center & Tupper Manor at Endicott College","KB","King Room","9/16/2026 12:00:00 AM","0","2","0","0","0","0.00000000000000","WEB,CRS,IDS,GDS,SYDC","1","1","2",""
"27336","Wylie Center & Tupper Manor at Endicott College","PSG","Signature Queen","9/16/2026 12:00:00 AM","0","29","0","0","0","0.00000000000000","WEB,CRS,IDS,GDS,SYDC","17","12","15",""
"27336","Wylie Center & Tupper Manor at Endicott College","SACC","Standard Queen Handicap Accessible","9/16/2026 12:00:00 AM","0","3","0","0","0","0.00000000000000","WEB,CRS,GDS,SYDC","","3","",""
"27336","Wylie Center & Tupper Manor at Endicott College","SG","Endicott Queen","9/17/2026 12:00:00 AM","1","3","0","0","0","25.00000000000000","WEB,CRS,IDS,GDS,SYDC","3","","6",""
"27336","Wylie Center & Tupper Manor at Endicott College","KB","King Room","9/17/2026 12:00:00 AM","2","0","0","0","0","100.00000000000000","WEB,CRS,IDS,GDS,SYDC","","","2",""
"27336","Wylie Center & Tupper Manor at Endicott College","PSG","Signature Queen","9/17/2026 12:00:00 AM","4","24","0","0","0","14.28571428571400","WEB,CRS,IDS,GDS,SYDC","16","8","21",""
"27336","Wylie Center & Tupper Manor at Endicott College","SACC","Standard Queen Handicap Accessible","9/17/2026 12:00:00 AM","0","3","0","0","0","0.00000000000000","WEB,CRS,GDS,SYDC","3","","3",""
"27336","Wylie Center & Tupper Manor at Endicott College","SG","Endicott Queen","9/18/2026 12:00:00 AM","0","11","0","0","0","0.00000000000000","WEB,CRS,IDS,GDS,SYDC","8","3","",""
"27336","Wylie Center & Tupper Manor at Endicott College","KB","King Room","9/18/2026 12:00:00 AM","0","0","0","0","0","0.00000000000000","WEB,CRS,IDS,GDS,SYDC","","","",""
"27336","Wylie Center & Tupper Manor at Endicott College","PSG","Signature Queen","9/18/2026 12:00:00 AM","3","25","0","0","0","10.71428571428500","WEB,CRS,IDS,GDS,SYDC","10","15","9",""
"27336","Wylie Center & Tupper Manor at Endicott College","SACC","Standard Queen Handicap Accessible","9/18/2026 12:00:00 AM","0","3","0","0","0","0.00000000000000","WEB,CRS,GDS,SYDC","","3","",""
"27336","Wylie Center & Tupper Manor at Endicott College","SG","Endicott Queen","9/19/2026 12:00:00 AM","0","0","0","0","0","0.00000000000000","WEB,CRS,IDS,GDS,SYDC","","","11",""
"27336","Wylie Center & Tupper Manor at Endicott College","KB","King Room","9/19/2026 12:00:00 AM","0","0","0","0","0","0.00000000000000","WEB,CRS,IDS,GDS,SYDC","","","",""
"27336","Wylie Center & Tupper Manor at Endicott College","PSG","Signature Queen","9/19/2026 12:00:00 AM","0","0","0","0","0","0.00000000000000","WEB,CRS,IDS,GDS,SYDC","","","25",""
"27336","Wylie Center & Tupper Manor at Endicott College","SACC","Standard Queen Handicap Accessible","9/19/2026 12:00:00 AM","0","0","0","0","0","0.00000000000000","WEB,CRS,GDS,SYDC","","","3",""
"27336","Wylie Center & Tupper Manor at Endicott College","SG","Endicott Queen","9/20/2026 12:00:00 AM","20","5","0","0","0","80.00000000000000","WEB,CRS,IDS,GDS,SYDC","5","","",""
"27336","Wylie Center & Tupper Manor at Endicott College","KB","King Room","9/20/2026 12:00:00 AM","1","4","0","0","0","20.00000000000000","WEB,CRS,IDS,GDS,SYDC","4","","",""
"27336","Wylie Center & Tupper Manor at Endicott College","PSG","Signature Queen","9/20/2026 12:00:00 AM","12","26","0","0","0","31.57894736842100","WEB,CRS,IDS,GDS,SYDC","26","","",""
"27336","Wylie Center & Tupper Manor at Endicott College","SACC","Standard Queen Handicap Accessible","9/20/2026 12:00:00 AM","3","0","0","0","0","100.00000000000000","WEB,CRS,GDS,SYDC","","","",""
"27336","Wylie Center & Tupper Manor at Endicott College","SG","Endicott Queen","9/21/2026 12:00:00 AM","6","6","0","0","0","50.00000000000000","WEB,CRS,IDS,GDS,SYDC","4","2","3",""
"27336","Wylie Center & Tupper Manor at Endicott College","KB","King Room","9/21/2026 12:00:00 AM","1","5","0","0","0","16.66666666666600","WEB,CRS,IDS,GDS,SYDC","4","1","3",""
"27336","Wylie Center & Tupper Manor at Endicott College","PSG","Signature Queen","9/21/2026 12:00:00 AM","8","39","0","0","0","17.02127659574400","WEB,CRS,IDS,GDS,SYDC","22","17","9",""
"27336","Wylie Center & Tupper Manor at Endicott College","SACC","Standard Queen Handicap Accessible","9/21/2026 12:00:00 AM","0","3","0","0","0","0.00000000000000","WEB,CRS,GDS,SYDC","3","","",""
"27336","Wylie Center & Tupper Manor at Endicott College","SG","Endicott Queen","9/22/2026 12:00:00 AM","8","4","0","0","0","66.66666666666600","WEB,CRS,IDS,GDS,SYDC","1","3","3",""
"27336","Wylie Center & Tupper Manor at Endicott College","KB","King Room","9/22/2026 12:00:00 AM","0","6","0","0","0","0.00000000000000","WEB,CRS,IDS,GDS,SYDC","1","5","",""
"27336","Wylie Center & Tupper Manor at Endicott College","PSG","Signature Queen","9/22/2026 12:00:00 AM","7","37","0","0","0","15.90909090909000","WEB,CRS,IDS,GDS,SYDC","16","21","18",""
"27336","Wylie Center & Tupper Manor at Endicott College","SACC","Standard Queen Handicap Accessible","9/22/2026 12:00:00 AM","0","3","0","0","0","0.00000000000000","WEB,CRS,GDS,SYDC","","3","",""
"27336","Wylie Center & Tupper Manor at Endicott College","SG","Endicott Queen","9/23/2026 12:00:00 AM","8","4","0","0","0","66.66666666666600","WEB,CRS,IDS,GDS,SYDC","2","2","2",""
"27336","Wylie Center & Tupper Manor at Endicott College","KB","King Room","9/23/2026 12:00:00 AM","0","5","0","0","0","0.00000000000000","WEB,CRS,IDS,GDS,SYDC","3","2","4",""
"27336","Wylie Center & Tupper Manor at Endicott College","PSG","Signature Queen","9/23/2026 12:00:00 AM","3","30","0","0","0","9.09090909090900","WEB,CRS,IDS,GDS,SYDC","13","17","20",""
"27336","Wylie Center & Tupper Manor at Endicott College","SACC","Standard Queen Handicap Accessible","9/23/2026 12:00:00 AM","2","1","0","0","0","66.66666666666600","WEB,CRS,GDS,SYDC","","1","2",""
"27336","Wylie Center & Tupper Manor at Endicott College","SG","Endicott Queen","9/24/2026 12:00:00 AM","1","0","0","0","0","100.00000000000000","WEB,CRS,IDS,GDS,SYDC","","","4",""
"27336","Wylie Center & Tupper Manor at Endicott College","KB","King Room","9/24/2026 12:00:00 AM","0","0","0","0","0","0.00000000000000","WEB,CRS,IDS,GDS,SYDC","","","5",""
"27336","Wylie Center & Tupper Manor at Endicott College","PSG","Signature Queen","9/24/2026 12:00:00 AM","0","0","0","0","0","0.00000000000000","WEB,CRS,IDS,GDS,SYDC","","","30",""
"27336","Wylie Center & Tupper Manor at Endicott College","SACC","Standard Queen Handicap Accessible","9/24/2026 12:00:00 AM","0","0","0","0","0","0.00000000000000","WEB,CRS,GDS,SYDC","","","1",""
"27336","Wylie Center & Tupper Manor at Endicott College","SG","Endicott Queen","9/25/2026 12:00:00 AM","0","6","0","0","0","0.00000000000000","WEB,CRS,IDS,GDS,SYDC","6","","",""
"27336","Wylie Center & Tupper Manor at Endicott College","KB","King Room","9/25/2026 12:00:00 AM","0","0","0","0","0","0.00000000000000","WEB,CRS,IDS,GDS,SYDC","","","",""
"27336","Wylie Center & Tupper Manor at Endicott College","PSG","Signature Queen","9/25/2026 12:00:00 AM","0","6","0","0","0","0.00000000000000","WEB,CRS,IDS,GDS,SYDC","6","","",""
"27336","Wylie Center & Tupper Manor at Endicott College","SACC","Standard Queen Handicap Accessible","9/25/2026 12:00:00 AM","0","2","0","0","0","0.00000000000000","WEB,CRS,GDS,SYDC","2","","",""
"27336","Wylie Center & Tupper Manor at Endicott College","SG","Endicott Queen","9/26/2026 12:00:00 AM","0","4","0","0","0","0.00000000000000","WEB,CRS,IDS,GDS,SYDC","3","1","5",""
"27336","Wylie Center & Tupper Manor at Endicott College","KB","King Room","9/26/2026 12:00:00 AM","0","0","0","0","0","0.00000000000000","WEB,CRS,IDS,GDS,SYDC","","","",""
"27336","Wylie Center & Tupper Manor at Endicott College","PSG","Signature Queen","9/26/2026 12:00:00 AM","0","4","0","0","0","0.00000000000000","WEB,CRS,IDS,GDS,SYDC","2","2","4",""
"27336","Wylie Center & Tupper Manor at Endicott College","SACC","Standard Queen Handicap Accessible","9/26/2026 12:00:00 AM","0","1","0","0","0","0.00000000000000","WEB,CRS,GDS,SYDC","1","","2",""
"27336","Wylie Center & Tupper Manor at Endicott College","SG","Endicott Queen","9/27/2026 12:00:00 AM","2","13","0","0","0","13.33333333333300","WEB,CRS,IDS,GDS,SYDC","13","","4",""
"27336","Wylie Center & Tupper Manor at Endicott College","KB","King Room","9/27/2026 12:00:00 AM","2","1","0","0","0","66.66666666666600","WEB,CRS,IDS,GDS,SYDC","1","","",""
"27336","Wylie Center & Tupper Manor at Endicott College","PSG","Signature Queen","9/27/2026 12:00:00 AM","10","25","0","0","0","28.57142857142800","WEB,CRS,IDS,GDS,SYDC","25","","4",""
"27336","Wylie Center & Tupper Manor at Endicott College","SACC","Standard Queen Handicap Accessible","9/27/2026 12:00:00 AM","2","1","0","0","0","66.66666666666600","WEB,CRS,GDS,SYDC","1","","1",""
"27336","Wylie Center & Tupper Manor at Endicott College","SG","Endicott Queen","9/28/2026 12:00:00 AM","2","21","0","0","0","8.69565217391300","WEB,CRS,IDS,GDS,SYDC","12","9","4",""
"27336","Wylie Center & Tupper Manor at Endicott College","KB","King Room","9/28/2026 12:00:00 AM","0","5","0","0","0","0.00000000000000","WEB,CRS,IDS,GDS,SYDC","5","","1",""
"27336","Wylie Center & Tupper Manor at Endicott College","PSG","Signature Queen","9/28/2026 12:00:00 AM","9","39","0","0","0","18.75000000000000","WEB,CRS,IDS,GDS,SYDC","28","11","14",""
"27336","Wylie Center & Tupper Manor at Endicott College","SACC","Standard Queen Handicap Accessible","9/28/2026 12:00:00 AM","1","2","0","0","0","33.33333333333300","WEB,CRS,GDS,SYDC","1","1","",""
"27336","Wylie Center & Tupper Manor at Endicott College","SG","Endicott Queen","9/29/2026 12:00:00 AM","1","23","0","0","0","4.16666666666600","WEB,CRS,IDS,GDS,SYDC","6","17","4",""
"27336","Wylie Center & Tupper Manor at Endicott College","KB","King Room","9/29/2026 12:00:00 AM","0","5","0","0","0","0.00000000000000","WEB,CRS,IDS,GDS,SYDC","1","4","1",""
"27336","Wylie Center & Tupper Manor at Endicott College","PSG","Signature Queen","9/29/2026 12:00:00 AM","0","35","0","0","0","0.00000000000000","WEB,CRS,IDS,GDS,SYDC","11","24","15",""
"27336","Wylie Center & Tupper Manor at Endicott College","SACC","Standard Queen Handicap Accessible","9/29/2026 12:00:00 AM","0","3","0","0","0","0.00000000000000","WEB,CRS,GDS,SYDC","1","2","",""
"27336","Wylie Center & Tupper Manor at Endicott College","SG","Endicott Queen","9/30/2026 12:00:00 AM","6","18","0","0","0","25.00000000000000","WEB,CRS,IDS,GDS,SYDC","9","9","14",""
"27336","Wylie Center & Tupper Manor at Endicott College","KB","King Room","9/30/2026 12:00:00 AM","3","2","0","0","0","60.00000000000000","WEB,CRS,IDS,GDS,SYDC","2","","5",""
"27336","Wylie Center & Tupper Manor at Endicott College","PSG","Signature Queen","9/30/2026 12:00:00 AM","1","33","0","0","0","2.94117647058800","WEB,CRS,IDS,GDS,SYDC","14","19","16",""
"27336","Wylie Center & Tupper Manor at Endicott College","SACC","Standard Queen Handicap Accessible","9/30/2026 12:00:00 AM","0","3","0","0","0","0.00000000000000","WEB,CRS,GDS,SYDC","2","1","2",""
"27336","Wylie Center & Tupper Manor at Endicott College","SG","Endicott Queen","10/1/2026 12:00:00 AM","4","13","0","0","0","23.52941176470500","WEB,CRS,IDS,GDS,SYDC","2","11","7",""
"27336","Wylie Center & Tupper Manor at Endicott College","KB","King Room","10/1/2026 12:00:00 AM","2","1","0","0","0","66.66666666666600","WEB,CRS,IDS,GDS,SYDC","1","","2",""
"27336","Wylie Center & Tupper Manor at Endicott College","PSG","Signature Queen","10/1/2026 12:00:00 AM","27","11","0","0","0","71.05263157894700","WEB,CRS,IDS,GDS,SYDC","7","4","29",""
"27336","Wylie Center & Tupper Manor at Endicott College","SACC","Standard Queen Handicap Accessible","10/1/2026 12:00:00 AM","1","1","0","0","0","50.00000000000000","WEB,CRS,GDS,SYDC","","1","2",""
"27336","Wylie Center & Tupper Manor at Endicott College","SG","Endicott Queen","10/2/2026 12:00:00 AM","1","0","0","0","0","100.00000000000000","WEB,CRS,IDS,GDS,SYDC","","","13",""
"27336","Wylie Center & Tupper Manor at Endicott College","KB","King Room","10/2/2026 12:00:00 AM","1","0","0","0","0","100.00000000000000","WEB,CRS,IDS,GDS,SYDC","","","1",""
"27336","Wylie Center & Tupper Manor at Endicott College","PSG","Signature Queen","10/2/2026 12:00:00 AM","0","0","0","0","0","0.00000000000000","WEB,CRS,IDS,GDS,SYDC","","","11",""
"27336","Wylie Center & Tupper Manor at Endicott College","SACC","Standard Queen Handicap Accessible","10/2/2026 12:00:00 AM","0","0","0","0","0","0.00000000000000","WEB,CRS,GDS,SYDC","","","1",""
"27336","Wylie Center & Tupper Manor at Endicott College","SG","Endicott Queen","10/3/2026 12:00:00 AM","5","2","0","0","0","71.42857142857100","WEB,CRS,IDS,GDS,SYDC","2","","",""
"27336","Wylie Center & Tupper Manor at Endicott College","KB","King Room","10/3/2026 12:00:00 AM","0","0","0","0","0","0.00000000000000","WEB,CRS,IDS,GDS,SYDC","","","",""
"27336","Wylie Center & Tupper Manor at Endicott College","PSG","Signature Queen","10/3/2026 12:00:00 AM","7","2","0","0","0","77.77777777777700","WEB,CRS,IDS,GDS,SYDC","2","","",""
"27336","Wylie Center & Tupper Manor at Endicott College","SACC","Standard Queen Handicap Accessible","10/3/2026 12:00:00 AM","0","0","0","0","0","0.00000000000000","WEB,CRS,GDS,SYDC","","","",""
"27336","Wylie Center & Tupper Manor at Endicott College","SG","Endicott Queen","10/4/2026 12:00:00 AM","10","3","0","0","0","76.92307692307600","WEB,CRS,IDS,GDS,SYDC","2","1","1",""
"27336","Wylie Center & Tupper Manor at Endicott College","KB","King Room","10/4/2026 12:00:00 AM","0","1","0","0","0","0.00000000000000","WEB,CRS,IDS,GDS,SYDC","1","","",""
"27336","Wylie Center & Tupper Manor at Endicott College","PSG","Signature Queen","10/4/2026 12:00:00 AM","0","8","0","0","0","0.00000000000000","WEB,CRS,IDS,GDS,SYDC","7","1","1",""
"27336","Wylie Center & Tupper Manor at Endicott College","SACC","Standard Queen Handicap Accessible","10/4/2026 12:00:00 AM","1","0","0","0","0","100.00000000000000","WEB,CRS,GDS,SYDC","","","",""
"27336","Wylie Center & Tupper Manor at Endicott College","SG","Endicott Queen","10/5/2026 12:00:00 AM","18","2","0","0","0","90.00000000000000","WEB,CRS,IDS,GDS,SYDC","1","1","2",""
"27336","Wylie Center & Tupper Manor at Endicott College","KB","King Room","10/5/2026 12:00:00 AM","3","0","0","0","0","100.00000000000000","WEB,CRS,IDS,GDS,SYDC","","","1",""
"27336","Wylie Center & Tupper Manor at Endicott College","PSG","Signature Queen","10/5/2026 12:00:00 AM","11","5","0","0","0","68.75000000000000","WEB,CRS,IDS,GDS,SYDC","3","2","6",""
"27336","Wylie Center & Tupper Manor at Endicott College","SACC","Standard Queen Handicap Accessible","10/5/2026 12:00:00 AM","2","0","0","0","0","100.00000000000000","WEB,CRS,GDS,SYDC","","","",""
"27336","Wylie Center & Tupper Manor at Endicott College","SG","Endicott Queen","10/6/2026 12:00:00 AM","0","0","0","0","0","0.00000000000000","WEB,CRS,IDS,GDS,SYDC","","","2",""
"27336","Wylie Center & Tupper Manor at Endicott College","KB","King Room","10/6/2026 12:00:00 AM","0","0","0","0","0","0.00000000000000","WEB,CRS,IDS,GDS,SYDC","","","",""
"27336","Wylie Center & Tupper Manor at Endicott College","PSG","Signature Queen","10/6/2026 12:00:00 AM","0","0","0","0","0","0.00000000000000","WEB,CRS,IDS,GDS,SYDC","","","5",""
"27336","Wylie Center & Tupper Manor at Endicott College","SACC","Standard Queen Handicap Accessible","10/6/2026 12:00:00 AM","0","0","0","0","0","0.00000000000000","WEB,CRS,GDS,SYDC","","","",""
"27336","Wylie Center & Tupper Manor at Endicott College","SG","Endicott Queen","10/7/2026 12:00:00 AM","1","0","0","0","0","100.00000000000000","WEB,CRS,IDS,GDS,SYDC","","","",""
"27336","Wylie Center & Tupper Manor at Endicott College","KB","King Room","10/7/2026 12:00:00 AM","0","0","0","0","0","0.00000000000000","WEB,CRS,IDS,GDS,SYDC","","","",""
"27336","Wylie Center & Tupper Manor at Endicott College","PSG","Signature Queen","10/7/2026 12:00:00 AM","5","0","0","0","0","100.00000000000000","WEB,CRS,IDS,GDS,SYDC","","","",""
"27336","Wylie Center & Tupper Manor at Endicott College","SACC","Standard Queen Handicap Accessible","10/7/2026 12:00:00 AM","0","0","0","0","0","0.00000000000000","WEB,CRS,GDS,SYDC","","","",""
"27336","Wylie Center & Tupper Manor at Endicott College","SG","Endicott Queen","10/8/2026 12:00:00 AM","19","1","0","0","0","95.00000000000000","WEB,CRS,IDS,GDS,SYDC","1","","",""
"27336","Wylie Center & Tupper Manor at Endicott College","KB","King Room","10/8/2026 12:00:00 AM","2","0","0","0","0","100.00000000000000","WEB,CRS,IDS,GDS,SYDC","","","",""
"27336","Wylie Center & Tupper Manor at Endicott College","PSG","Signature Queen","10/8/2026 12:00:00 AM","30","8","0","0","0","78.94736842105200","WEB,CRS,IDS,GDS,SYDC","8","","",""
"27336","Wylie Center & Tupper Manor at Endicott College","SACC","Standard Queen Handicap Accessible","10/8/2026 12:00:00 AM","2","0","0","0","0","100.00000000000000","WEB,CRS,GDS,SYDC","","","",""
"27336","Wylie Center & Tupper Manor at Endicott College","SG","Endicott Queen","10/9/2026 12:00:00 AM","3","4","0","0","0","42.85714285714200","WEB,CRS,IDS,GDS,SYDC","3","1","",""
"27336","Wylie Center & Tupper Manor at Endicott College","KB","King Room","10/9/2026 12:00:00 AM","0","1","0","0","0","0.00000000000000","WEB,CRS,IDS,GDS,SYDC","1","","",""
"27336","Wylie Center & Tupper Manor at Endicott College","PSG","Signature Queen","10/9/2026 12:00:00 AM","11","12","0","0","0","47.82608695652100","WEB,CRS,IDS,GDS,SYDC","9","3","5",""
"27336","Wylie Center & Tupper Manor at Endicott College","SACC","Standard Queen Handicap Accessible","10/9/2026 12:00:00 AM","2","1","0","0","0","66.66666666666600","WEB,CRS,GDS,SYDC","1","","",""
"27336","Wylie Center & Tupper Manor at Endicott College","SG","Endicott Queen","10/10/2026 12:00:00 AM","0","2","0","0","0","0.00000000000000","WEB,CRS,IDS,GDS,SYDC","1","1","3",""
"27336","Wylie Center & Tupper Manor at Endicott College","KB","King Room","10/10/2026 12:00:00 AM","0","0","0","0","0","0.00000000000000","WEB,CRS,IDS,GDS,SYDC","","","1",""
"27336","Wylie Center & Tupper Manor at Endicott College","PSG","Signature Queen","10/10/2026 12:00:00 AM","0","3","0","0","0","0.00000000000000","WEB,CRS,IDS,GDS,SYDC","2","1","11",""
"27336","Wylie Center & Tupper Manor at Endicott College","SACC","Standard Queen Handicap Accessible","10/10/2026 12:00:00 AM","0","0","0","0","0","0.00000000000000","WEB,CRS,GDS,SYDC","","","1",""
"27336","Wylie Center & Tupper Manor at Endicott College","SG","Endicott Queen","10/11/2026 12:00:00 AM","11","1","0","0","0","91.66666666666600","WEB,CRS,IDS,GDS,SYDC","1","","2",""
"27336","Wylie Center & Tupper Manor at Endicott College","KB","King Room","10/11/2026 12:00:00 AM","2","0","0","0","0","100.00000000000000","WEB,CRS,IDS,GDS,SYDC","","","",""
"27336","Wylie Center & Tupper Manor at Endicott College","PSG","Signature Queen","10/11/2026 12:00:00 AM","30","0","0","0","0","100.00000000000000","WEB,CRS,IDS,GDS,SYDC","","","3",""
"27336","Wylie Center & Tupper Manor at Endicott College","SACC","Standard Queen Handicap Accessible","10/11/2026 12:00:00 AM","0","1","0","0","0","0.00000000000000","WEB,CRS,GDS,SYDC","1","","",""
"27336","Wylie Center & Tupper Manor at Endicott College","SG","Endicott Queen","10/12/2026 12:00:00 AM","0","0","0","0","0","0.00000000000000","WEB,CRS,IDS,GDS,SYDC","","","1",""
"27336","Wylie Center & Tupper Manor at Endicott College","KB","King Room","10/12/2026 12:00:00 AM","0","0","0","0","0","0.00000000000000","WEB,CRS,IDS,GDS,SYDC","","","",""
"27336","Wylie Center & Tupper Manor at Endicott College","PSG","Signature Queen","10/12/2026 12:00:00 AM","0","0","0","0","0","0.00000000000000","WEB,CRS,IDS,GDS,SYDC","","","",""
"27336","Wylie Center & Tupper Manor at Endicott College","SACC","Standard Queen Handicap Accessible","10/12/2026 12:00:00 AM","0","0","0","0","0","0.00000000000000","WEB,CRS,GDS,SYDC","","","1",""
"27336","Wylie Center & Tupper Manor at Endicott College","SG","Endicott Queen","10/13/2026 12:00:00 AM","0","0","0","0","0","0.00000000000000","WEB,CRS,IDS,GDS,SYDC","","","",""
"27336","Wylie Center & Tupper Manor at Endicott College","KB","King Room","10/13/2026 12:00:00 AM","0","0","0","0","0","0.00000000000000","WEB,CRS,IDS,GDS,SYDC","","","",""
"27336","Wylie Center & Tupper Manor at Endicott College","PSG","Signature Queen","10/13/2026 12:00:00 AM","0","0","0","0","0","0.00000000000000","WEB,CRS,IDS,GDS,SYDC","","","",""
"27336","Wylie Center & Tupper Manor at Endicott College","SACC","Standard Queen Handicap Accessible","10/13/2026 12:00:00 AM","0","0","0","0","0","0.00000000000000","WEB,CRS,GDS,SYDC","","","",""
"27336","Wylie Center & Tupper Manor at Endicott College","SG","Endicott Queen","10/14/2026 12:00:00 AM","0","0","0","0","0","0.00000000000000","WEB,CRS,IDS,GDS,SYDC","","","",""
"27336","Wylie Center & Tupper Manor at Endicott College","KB","King Room","10/14/2026 12:00:00 AM","0","0","0","0","0","0.00000000000000","WEB,CRS,IDS,GDS,SYDC","","","",""
"27336","Wylie Center & Tupper Manor at Endicott College","PSG","Signature Queen","10/14/2026 12:00:00 AM","0","0","0","0","0","0.00000000000000","WEB,CRS,IDS,GDS,SYDC","","","",""
"27336","Wylie Center & Tupper Manor at Endicott College","SACC","Standard Queen Handicap Accessible","10/14/2026 12:00:00 AM","0","0","0","0","0","0.00000000000000","WEB,CRS,GDS,SYDC","","","",""
"27336","Wylie Center & Tupper Manor at Endicott College","SG","Endicott Queen","10/15/2026 12:00:00 AM","3","0","0","0","0","100.00000000000000","WEB,CRS,IDS,GDS,SYDC","","","",""
"27336","Wylie Center & Tupper Manor at Endicott College","KB","King Room","10/15/2026 12:00:00 AM","0","0","0","0","0","0.00000000000000","WEB,CRS,IDS,GDS,SYDC","","","",""
"27336","Wylie Center & Tupper Manor at Endicott College","PSG","Signature Queen","10/15/2026 12:00:00 AM","14","12","0","0","0","53.84615384615300","WEB,CRS,IDS,GDS,SYDC","12","","",""
"27336","Wylie Center & Tupper Manor at Endicott College","SACC","Standard Queen Handicap Accessible","10/15/2026 12:00:00 AM","1","1","0","0","0","50.00000000000000","WEB,CRS,GDS,SYDC","1","","",""
"27336","Wylie Center & Tupper Manor at Endicott College","SG","Endicott Queen","10/16/2026 12:00:00 AM","1","3","0","0","0","25.00000000000000","WEB,CRS,IDS,GDS,SYDC","3","","",""
"27336","Wylie Center & Tupper Manor at Endicott College","KB","King Room","10/16/2026 12:00:00 AM","0","0","0","0","0","0.00000000000000","WEB,CRS,IDS,GDS,SYDC","","","",""
"27336","Wylie Center & Tupper Manor at Endicott College","PSG","Signature Queen","10/16/2026 12:00:00 AM","7","14","0","0","0","33.33333333333300","WEB,CRS,IDS,GDS,SYDC","4","10","2",""
"27336","Wylie Center & Tupper Manor at Endicott College","SACC","Standard Queen Handicap Accessible","10/16/2026 12:00:00 AM","0","1","0","0","0","0.00000000000000","WEB,CRS,GDS,SYDC","","1","",""
"27336","Wylie Center & Tupper Manor at Endicott College","SG","Endicott Queen","10/17/2026 12:00:00 AM","8","4","0","0","0","66.66666666666600","WEB,CRS,IDS,GDS,SYDC","1","3","",""
"27336","Wylie Center & Tupper Manor at Endicott College","KB","King Room","10/17/2026 12:00:00 AM","2","0","0","0","0","100.00000000000000","WEB,CRS,IDS,GDS,SYDC","","","",""
"27336","Wylie Center & Tupper Manor at Endicott College","PSG","Signature Queen","10/17/2026 12:00:00 AM","26","10","0","0","0","72.22222222222200","WEB,CRS,IDS,GDS,SYDC","3","7","7",""
"27336","Wylie Center & Tupper Manor at Endicott College","SACC","Standard Queen Handicap Accessible","10/17/2026 12:00:00 AM","0","1","0","0","0","0.00000000000000","WEB,CRS,GDS,SYDC","","1","",""
"27336","Wylie Center & Tupper Manor at Endicott College","SG","Endicott Queen","10/18/2026 12:00:00 AM","22","4","0","0","0","84.61538461538400","WEB,CRS,IDS,GDS,SYDC","3","1","3",""
"27336","Wylie Center & Tupper Manor at Endicott College","KB","King Room","10/18/2026 12:00:00 AM","1","1","0","0","0","50.00000000000000","WEB,CRS,IDS,GDS,SYDC","1","","",""
"27336","Wylie Center & Tupper Manor at Endicott College","PSG","Signature Queen","10/18/2026 12:00:00 AM","19","12","0","0","0","61.29032258064500","WEB,CRS,IDS,GDS,SYDC","7","5","5",""
"27336","Wylie Center & Tupper Manor at Endicott College","SACC","Standard Queen Handicap Accessible","10/18/2026 12:00:00 AM","1","1","0","0","0","50.00000000000000","WEB,CRS,GDS,SYDC","1","","1",""
"27336","Wylie Center & Tupper Manor at Endicott College","SG","Endicott Queen","10/19/2026 12:00:00 AM","21","4","0","0","0","84.00000000000000","WEB,CRS,IDS,GDS,SYDC","3","1","3",""
"27336","Wylie Center & Tupper Manor at Endicott College","KB","King Room","10/19/2026 12:00:00 AM","1","1","0","0","0","50.00000000000000","WEB,CRS,IDS,GDS,SYDC","","1","",""
"27336","Wylie Center & Tupper Manor at Endicott College","PSG","Signature Queen","10/19/2026 12:00:00 AM","6","5","0","0","0","54.54545454545400","WEB,CRS,IDS,GDS,SYDC","2","3","9",""
"27336","Wylie Center & Tupper Manor at Endicott College","SACC","Standard Queen Handicap Accessible","10/19/2026 12:00:00 AM","2","1","0","0","0","66.66666666666600","WEB,CRS,GDS,SYDC","","1","",""
"27336","Wylie Center & Tupper Manor at Endicott College","SG","Endicott Queen","10/20/2026 12:00:00 AM","0","5","0","0","0","0.00000000000000","WEB,CRS,IDS,GDS,SYDC","1","4","",""
"27336","Wylie Center & Tupper Manor at Endicott College","KB","King Room","10/20/2026 12:00:00 AM","0","1","0","0","0","0.00000000000000","WEB,CRS,IDS,GDS,SYDC","","1","",""
"27336","Wylie Center & Tupper Manor at Endicott College","PSG","Signature Queen","10/20/2026 12:00:00 AM","0","4","0","0","0","0.00000000000000","WEB,CRS,IDS,GDS,SYDC","2","2","3",""
"27336","Wylie Center & Tupper Manor at Endicott College","SACC","Standard Queen Handicap Accessible","10/20/2026 12:00:00 AM","0","1","0","0","0","0.00000000000000","WEB,CRS,GDS,SYDC","","1","",""
"27336","Wylie Center & Tupper Manor at Endicott College","SG","Endicott Queen","10/21/2026 12:00:00 AM","2","0","0","0","0","100.00000000000000","WEB,CRS,IDS,GDS,SYDC","","","5",""
"27336","Wylie Center & Tupper Manor at Endicott College","KB","King Room","10/21/2026 12:00:00 AM","0","1","0","0","0","0.00000000000000","WEB,CRS,IDS,GDS,SYDC","","1","",""
"27336","Wylie Center & Tupper Manor at Endicott College","PSG","Signature Queen","10/21/2026 12:00:00 AM","9","4","0","0","0","69.23076923076900","WEB,CRS,IDS,GDS,SYDC","2","2","2",""
"27336","Wylie Center & Tupper Manor at Endicott College","SACC","Standard Queen Handicap Accessible","10/21/2026 12:00:00 AM","0","0","0","0","0","0.00000000000000","WEB,CRS,GDS,SYDC","","","1",""
"27336","Wylie Center & Tupper Manor at Endicott College","SG","Endicott Queen","10/22/2026 12:00:00 AM","0","0","0","0","0","0.00000000000000","WEB,CRS,IDS,GDS,SYDC","","","",""
"27336","Wylie Center & Tupper Manor at Endicott College","KB","King Room","10/22/2026 12:00:00 AM","0","0","0","0","0","0.00000000000000","WEB,CRS,IDS,GDS,SYDC","","","1",""
"27336","Wylie Center & Tupper Manor at Endicott College","PSG","Signature Queen","10/22/2026 12:00:00 AM","-1","0","0","0","0","100.00000000000000","WEB,CRS,IDS,GDS,SYDC","","","4",""
"27336","Wylie Center & Tupper Manor at Endicott College","SACC","Standard Queen Handicap Accessible","10/22/2026 12:00:00 AM","0","0","0","0","0","0.00000000000000","WEB,CRS,GDS,SYDC","","","",""
"27336","Wylie Center & Tupper Manor at Endicott College","SG","Endicott Queen","10/23/2026 12:00:00 AM","0","0","0","0","0","0.00000000000000","WEB,CRS,IDS,GDS,SYDC","","","",""
"27336","Wylie Center & Tupper Manor at Endicott College","KB","King Room","10/23/2026 12:00:00 AM","0","0","0","0","0","0.00000000000000","WEB,CRS,IDS,GDS,SYDC","","","",""
"27336","Wylie Center & Tupper Manor at Endicott College","PSG","Signature Queen","10/23/2026 12:00:00 AM","0","0","0","0","0","0.00000000000000","WEB,CRS,IDS,GDS,SYDC","","","",""
"27336","Wylie Center & Tupper Manor at Endicott College","SACC","Standard Queen Handicap Accessible","10/23/2026 12:00:00 AM","0","0","0","0","0","0.00000000000000","WEB,CRS,GDS,SYDC","","","",""
"27336","Wylie Center & Tupper Manor at Endicott College","SG","Endicott Queen","10/24/2026 12:00:00 AM","15","3","0","0","0","83.33333333333300","WEB,CRS,IDS,GDS,SYDC","3","","",""
"27336","Wylie Center & Tupper Manor at Endicott College","KB","King Room","10/24/2026 12:00:00 AM","2","0","0","0","0","100.00000000000000","WEB,CRS,IDS,GDS,SYDC","","","",""
"27336","Wylie Center & Tupper Manor at Endicott College","PSG","Signature Queen","10/24/2026 12:00:00 AM","9","3","0","0","0","75.00000000000000","WEB,CRS,IDS,GDS,SYDC","3","","",""
"27336","Wylie Center & Tupper Manor at Endicott College","SACC","Standard Queen Handicap Accessible","10/24/2026 12:00:00 AM","2","0","0","0","0","100.00000000000000","WEB,CRS,GDS,SYDC","","","",""
"27336","Wylie Center & Tupper Manor at Endicott College","SG","Endicott Queen","10/25/2026 12:00:00 AM","6","2","0","0","0","75.00000000000000","WEB,CRS,IDS,GDS,SYDC","","2","1",""
"27336","Wylie Center & Tupper Manor at Endicott College","KB","King Room","10/25/2026 12:00:00 AM","0","0","0","0","0","0.00000000000000","WEB,CRS,IDS,GDS,SYDC","","","",""
"27336","Wylie Center & Tupper Manor at Endicott College","PSG","Signature Queen","10/25/2026 12:00:00 AM","41","4","0","0","0","91.11111111111100","WEB,CRS,IDS,GDS,SYDC","3","1","2",""
"27336","Wylie Center & Tupper Manor at Endicott College","SACC","Standard Queen Handicap Accessible","10/25/2026 12:00:00 AM","3","0","0","0","0","100.00000000000000","WEB,CRS,GDS,SYDC","","","",""
"27336","Wylie Center & Tupper Manor at Endicott College","SG","Endicott Queen","10/26/2026 12:00:00 AM","6","3","0","0","0","66.66666666666600","WEB,CRS,IDS,GDS,SYDC","1","2","",""
"27336","Wylie Center & Tupper Manor at Endicott College","KB","King Room","10/26/2026 12:00:00 AM","0","0","0","0","0","0.00000000000000","WEB,CRS,IDS,GDS,SYDC","","","",""
"27336","Wylie Center & Tupper Manor at Endicott College","PSG","Signature Queen","10/26/2026 12:00:00 AM","43","4","0","0","0","91.48936170212700","WEB,CRS,IDS,GDS,SYDC","1","3","1",""
"27336","Wylie Center & Tupper Manor at Endicott College","SACC","Standard Queen Handicap Accessible","10/26/2026 12:00:00 AM","3","0","0","0","0","100.00000000000000","WEB,CRS,GDS,SYDC","","","",""
"27336","Wylie Center & Tupper Manor at Endicott College","SG","Endicott Queen","10/27/2026 12:00:00 AM","6","3","0","0","0","66.66666666666600","WEB,CRS,IDS,GDS,SYDC","1","2","1",""
"27336","Wylie Center & Tupper Manor at Endicott College","KB","King Room","10/27/2026 12:00:00 AM","0","0","0","0","0","0.00000000000000","WEB,CRS,IDS,GDS,SYDC","","","",""
"27336","Wylie Center & Tupper Manor at Endicott College","PSG","Signature Queen","10/27/2026 12:00:00 AM","40","6","0","0","0","86.95652173913000","WEB,CRS,IDS,GDS,SYDC","4","2","2",""
"27336","Wylie Center & Tupper Manor at Endicott College","SACC","Standard Queen Handicap Accessible","10/27/2026 12:00:00 AM","3","0","0","0","0","100.00000000000000","WEB,CRS,GDS,SYDC","","","",""
"27336","Wylie Center & Tupper Manor at Endicott College","SG","Endicott Queen","10/28/2026 12:00:00 AM","7","2","0","0","0","77.77777777777700","WEB,CRS,IDS,GDS,SYDC","","2","1",""
"27336","Wylie Center & Tupper Manor at Endicott College","KB","King Room","10/28/2026 12:00:00 AM","0","0","0","0","0","0.00000000000000","WEB,CRS,IDS,GDS,SYDC","","","",""
"27336","Wylie Center & Tupper Manor at Endicott College","PSG","Signature Queen","10/28/2026 12:00:00 AM","38","8","0","0","0","82.60869565217300","WEB,CRS,IDS,GDS,SYDC","3","5","1",""
"27336","Wylie Center & Tupper Manor at Endicott College","SACC","Standard Queen Handicap Accessible","10/28/2026 12:00:00 AM","3","0","0","0","0","100.00000000000000","WEB,CRS,GDS,SYDC","","","",""
"27336","Wylie Center & Tupper Manor at Endicott College","SG","Endicott Queen","10/29/2026 12:00:00 AM","1","8","0","0","0","11.11111111111100","WEB,CRS,IDS,GDS,SYDC","6","2","",""
"27336","Wylie Center & Tupper Manor at Endicott College","KB","King Room","10/29/2026 12:00:00 AM","0","0","0","0","0","0.00000000000000","WEB,CRS,IDS,GDS,SYDC","","","",""
"27336","Wylie Center & Tupper Manor at Endicott College","PSG","Signature Queen","10/29/2026 12:00:00 AM","26","19","0","0","0","57.77777777777700","WEB,CRS,IDS,GDS,SYDC","14","5","3",""
"27336","Wylie Center & Tupper Manor at Endicott College","SACC","Standard Queen Handicap Accessible","10/29/2026 12:00:00 AM","3","0","0","0","0","100.00000000000000","WEB,CRS,GDS,SYDC","","","",""
"27336","Wylie Center & Tupper Manor at Endicott College","SG","Endicott Queen","10/30/2026 12:00:00 AM","12","14","0","0","0","46.15384615384600","WEB,CRS,IDS,GDS,SYDC","8","6","2",""
"27336","Wylie Center & Tupper Manor at Endicott College","KB","King Room","10/30/2026 12:00:00 AM","5","0","0","0","0","100.00000000000000","WEB,CRS,IDS,GDS,SYDC","","","",""
"27336","Wylie Center & Tupper Manor at Endicott College","PSG","Signature Queen","10/30/2026 12:00:00 AM","11","36","0","0","0","23.40425531914800","WEB,CRS,IDS,GDS,SYDC","19","17","2",""
"27336","Wylie Center & Tupper Manor at Endicott College","SACC","Standard Queen Handicap Accessible","10/30/2026 12:00:00 AM","1","2","0","0","0","33.33333333333300","WEB,CRS,GDS,SYDC","2","","",""
"27336","Wylie Center & Tupper Manor at Endicott College","SG","Endicott Queen","10/31/2026 12:00:00 AM","9","14","0","0","0","39.13043478260800","WEB,CRS,IDS,GDS,SYDC","1","13","1",""
"27336","Wylie Center & Tupper Manor at Endicott College","KB","King Room","10/31/2026 12:00:00 AM","2","1","0","0","0","66.66666666666600","WEB,CRS,IDS,GDS,SYDC","1","","",""
"27336","Wylie Center & Tupper Manor at Endicott College","PSG","Signature Queen","10/31/2026 12:00:00 AM","6","41","0","0","0","12.76595744680800","WEB,CRS,IDS,GDS,SYDC","7","34","2",""
"27336","Wylie Center & Tupper Manor at Endicott College","SACC","Standard Queen Handicap Accessible","10/31/2026 12:00:00 AM","1","2","0","0","0","33.33333333333300","WEB,CRS,GDS,SYDC","","2","",""
"27336","Wylie Center & Tupper Manor at Endicott College","SG","Endicott Queen","11/1/2026 12:00:00 AM","14","3","0","0","0","82.35294117647000","WEB,CRS,IDS,GDS,SYDC","","3","11",""
"27336","Wylie Center & Tupper Manor at Endicott College","KB","King Room","11/1/2026 12:00:00 AM","3","0","0","0","0","100.00000000000000","WEB,CRS,IDS,GDS,SYDC","","","1",""
"27336","Wylie Center & Tupper Manor at Endicott College","PSG","Signature Queen","11/1/2026 12:00:00 AM","12","14","0","0","0","46.15384615384600","WEB,CRS,IDS,GDS,SYDC","","14","27",""
"27336","Wylie Center & Tupper Manor at Endicott College","SACC","Standard Queen Handicap Accessible","11/1/2026 12:00:00 AM","3","0","0","0","0","100.00000000000000","WEB,CRS,GDS,SYDC","","","2",""
"27336","Wylie Center & Tupper Manor at Endicott College","SG","Endicott Queen","11/2/2026 12:00:00 AM","25","0","0","0","0","100.00000000000000","WEB,CRS,IDS,GDS,SYDC","","","3",""
"27336","Wylie Center & Tupper Manor at Endicott College","KB","King Room","11/2/2026 12:00:00 AM","5","0","0","0","0","100.00000000000000","WEB,CRS,IDS,GDS,SYDC","","","",""
"27336","Wylie Center & Tupper Manor at Endicott College","PSG","Signature Queen","11/2/2026 12:00:00 AM","14","5","0","0","0","73.68421052631500","WEB,CRS,IDS,GDS,SYDC","1","4","10",""
"27336","Wylie Center & Tupper Manor at Endicott College","SACC","Standard Queen Handicap Accessible","11/2/2026 12:00:00 AM","3","0","0","0","0","100.00000000000000","WEB,CRS,GDS,SYDC","","","",""
"27336","Wylie Center & Tupper Manor at Endicott College","SG","Endicott Queen","11/3/2026 12:00:00 AM","25","0","0","0","0","100.00000000000000","WEB,CRS,IDS,GDS,SYDC","","","",""
"27336","Wylie Center & Tupper Manor at Endicott College","KB","King Room","11/3/2026 12:00:00 AM","5","0","0","0","0","100.00000000000000","WEB,CRS,IDS,GDS,SYDC","","","",""
"27336","Wylie Center & Tupper Manor at Endicott College","PSG","Signature Queen","11/3/2026 12:00:00 AM","16","3","0","0","0","84.21052631578900","WEB,CRS,IDS,GDS,SYDC","1","2","3",""
"27336","Wylie Center & Tupper Manor at Endicott College","SACC","Standard Queen Handicap Accessible","11/3/2026 12:00:00 AM","3","0","0","0","0","100.00000000000000","WEB,CRS,GDS,SYDC","","","",""
"27336","Wylie Center & Tupper Manor at Endicott College","SG","Endicott Queen","11/4/2026 12:00:00 AM","26","0","0","0","0","100.00000000000000","WEB,CRS,IDS,GDS,SYDC","","","",""
"27336","Wylie Center & Tupper Manor at Endicott College","KB","King Room","11/4/2026 12:00:00 AM","5","0","0","0","0","100.00000000000000","WEB,CRS,IDS,GDS,SYDC","","","",""
"27336","Wylie Center & Tupper Manor at Endicott College","PSG","Signature Queen","11/4/2026 12:00:00 AM","39","3","0","0","0","92.85714285714200","WEB,CRS,IDS,GDS,SYDC","2","1","2",""
"27336","Wylie Center & Tupper Manor at Endicott College","SACC","Standard Queen Handicap Accessible","11/4/2026 12:00:00 AM","3","0","0","0","0","100.00000000000000","WEB,CRS,GDS,SYDC","","","",""
"27336","Wylie Center & Tupper Manor at Endicott College","SG","Endicott Queen","11/5/2026 12:00:00 AM","26","0","0","0","0","100.00000000000000","WEB,CRS,IDS,GDS,SYDC","","","",""
"27336","Wylie Center & Tupper Manor at Endicott College","KB","King Room","11/5/2026 12:00:00 AM","3","0","0","0","0","100.00000000000000","WEB,CRS,IDS,GDS,SYDC","","","",""
"27336","Wylie Center & Tupper Manor at Endicott College","PSG","Signature Queen","11/5/2026 12:00:00 AM","26","7","0","0","0","78.78787878787800","WEB,CRS,IDS,GDS,SYDC","4","3","",""
"27336","Wylie Center & Tupper Manor at Endicott College","SACC","Standard Queen Handicap Accessible","11/5/2026 12:00:00 AM","1","1","0","0","0","50.00000000000000","WEB,CRS,GDS,SYDC","1","","",""
"27336","Wylie Center & Tupper Manor at Endicott College","SG","Endicott Queen","11/6/2026 12:00:00 AM","0","3","0","0","0","0.00000000000000","WEB,CRS,IDS,GDS,SYDC","3","","",""
"27336","Wylie Center & Tupper Manor at Endicott College","KB","King Room","11/6/2026 12:00:00 AM","0","1","0","0","0","0.00000000000000","WEB,CRS,IDS,GDS,SYDC","1","","",""
"27336","Wylie Center & Tupper Manor at Endicott College","PSG","Signature Queen","11/6/2026 12:00:00 AM","2","14","0","0","0","12.50000000000000","WEB,CRS,IDS,GDS,SYDC","9","5","2",""
"27336","Wylie Center & Tupper Manor at Endicott College","SACC","Standard Queen Handicap Accessible","11/6/2026 12:00:00 AM","0","2","0","0","0","0.00000000000000","WEB,CRS,GDS,SYDC","1","1","",""
"27336","Wylie Center & Tupper Manor at Endicott College","SG","Endicott Queen","11/7/2026 12:00:00 AM","0","2","0","0","0","0.00000000000000","WEB,CRS,IDS,GDS,SYDC","","2","1",""
"27336","Wylie Center & Tupper Manor at Endicott College","KB","King Room","11/7/2026 12:00:00 AM","0","2","0","0","0","0.00000000000000","WEB,CRS,IDS,GDS,SYDC","1","1","",""
"27336","Wylie Center & Tupper Manor at Endicott College","PSG","Signature Queen","11/7/2026 12:00:00 AM","-1","15","0","0","0","-7.14285714285700","WEB,CRS,IDS,GDS,SYDC","6","9","5",""
"27336","Wylie Center & Tupper Manor at Endicott College","SACC","Standard Queen Handicap Accessible","11/7/2026 12:00:00 AM","0","2","0","0","0","0.00000000000000","WEB,CRS,GDS,SYDC","","2","",""
"27336","Wylie Center & Tupper Manor at Endicott College","SG","Endicott Queen","11/8/2026 12:00:00 AM","17","3","0","0","0","85.00000000000000","WEB,CRS,IDS,GDS,SYDC","1","2","",""
"27336","Wylie Center & Tupper Manor at Endicott College","KB","King Room","11/8/2026 12:00:00 AM","4","0","0","0","0","100.00000000000000","WEB,CRS,IDS,GDS,SYDC","","","2",""
"27336","Wylie Center & Tupper Manor at Endicott College","PSG","Signature Queen","11/8/2026 12:00:00 AM","18","6","0","0","0","75.00000000000000","WEB,CRS,IDS,GDS,SYDC","4","2","13",""
"27336","Wylie Center & Tupper Manor at Endicott College","SACC","Standard Queen Handicap Accessible","11/8/2026 12:00:00 AM","3","0","0","0","0","100.00000000000000","WEB,CRS,GDS,SYDC","","","2",""
"27336","Wylie Center & Tupper Manor at Endicott College","SG","Endicott Queen","11/9/2026 12:00:00 AM","16","1","0","0","0","94.11764705882300","WEB,CRS,IDS,GDS,SYDC","","1","2",""
"27336","Wylie Center & Tupper Manor at Endicott College","KB","King Room","11/9/2026 12:00:00 AM","5","0","0","0","0","100.00000000000000","WEB,CRS,IDS,GDS,SYDC","","","",""
"27336","Wylie Center & Tupper Manor at Endicott College","PSG","Signature Queen","11/9/2026 12:00:00 AM","24","4","0","0","0","85.71428571428500","WEB,CRS,IDS,GDS,SYDC","1","3","3",""
"27336","Wylie Center & Tupper Manor at Endicott College","SACC","Standard Queen Handicap Accessible","11/9/2026 12:00:00 AM","3","0","0","0","0","100.00000000000000","WEB,CRS,GDS,SYDC","","","",""
"27336","Wylie Center & Tupper Manor at Endicott College","SG","Endicott Queen","11/10/2026 12:00:00 AM","16","1","0","0","0","94.11764705882300","WEB,CRS,IDS,GDS,SYDC","","1","",""
"27336","Wylie Center & Tupper Manor at Endicott College","KB","King Room","11/10/2026 12:00:00 AM","5","0","0","0","0","100.00000000000000","WEB,CRS,IDS,GDS,SYDC","","","",""
"27336","Wylie Center & Tupper Manor at Endicott College","PSG","Signature Queen","11/10/2026 12:00:00 AM","24","4","0","0","0","85.71428571428500","WEB,CRS,IDS,GDS,SYDC","","4","",""
"27336","Wylie Center & Tupper Manor at Endicott College","SACC","Standard Queen Handicap Accessible","11/10/2026 12:00:00 AM","3","0","0","0","0","100.00000000000000","WEB,CRS,GDS,SYDC","","","",""
"27336","Wylie Center & Tupper Manor at Endicott College","SG","Endicott Queen","11/11/2026 12:00:00 AM","15","2","0","0","0","88.23529411764700","WEB,CRS,IDS,GDS,SYDC","1","1","",""
"27336","Wylie Center & Tupper Manor at Endicott College","KB","King Room","11/11/2026 12:00:00 AM","5","0","0","0","0","100.00000000000000","WEB,CRS,IDS,GDS,SYDC","","","",""
"27336","Wylie Center & Tupper Manor at Endicott College","PSG","Signature Queen","11/11/2026 12:00:00 AM","25","3","0","0","0","89.28571428571400","WEB,CRS,IDS,GDS,SYDC","","3","1",""
"27336","Wylie Center & Tupper Manor at Endicott College","SACC","Standard Queen Handicap Accessible","11/11/2026 12:00:00 AM","3","0","0","0","0","100.00000000000000","WEB,CRS,GDS,SYDC","","","",""
"27336","Wylie Center & Tupper Manor at Endicott College","SG","Endicott Queen","11/12/2026 12:00:00 AM","11","9","0","0","0","55.00000000000000","WEB,CRS,IDS,GDS,SYDC","7","2","",""
"27336","Wylie Center & Tupper Manor at Endicott College","KB","King Room","11/12/2026 12:00:00 AM","3","0","0","0","0","100.00000000000000","WEB,CRS,IDS,GDS,SYDC","","","",""
"27336","Wylie Center & Tupper Manor at Endicott College","PSG","Signature Queen","11/12/2026 12:00:00 AM","14","8","0","0","0","63.63636363636300","WEB,CRS,IDS,GDS,SYDC","5","3","",""
"27336","Wylie Center & Tupper Manor at Endicott College","SACC","Standard Queen Handicap Accessible","11/12/2026 12:00:00 AM","2","1","0","0","0","66.66666666666600","WEB,CRS,GDS,SYDC","1","","",""
"27336","Wylie Center & Tupper Manor at Endicott College","SG","Endicott Queen","11/13/2026 12:00:00 AM","3","11","0","0","0","21.42857142857100","WEB,CRS,IDS,GDS,SYDC","3","8","1",""
"27336","Wylie Center & Tupper Manor at Endicott College","KB","King Room","11/13/2026 12:00:00 AM","0","1","0","0","0","0.00000000000000","WEB,CRS,IDS,GDS,SYDC","1","","",""
"27336","Wylie Center & Tupper Manor at Endicott College","PSG","Signature Queen","11/13/2026 12:00:00 AM","0","4","0","0","0","0.00000000000000","WEB,CRS,IDS,GDS,SYDC","2","2","6",""
"27336","Wylie Center & Tupper Manor at Endicott College","SACC","Standard Queen Handicap Accessible","11/13/2026 12:00:00 AM","1","1","0","0","0","50.00000000000000","WEB,CRS,GDS,SYDC","","1","",""
"27336","Wylie Center & Tupper Manor at Endicott College","SG","Endicott Queen","11/14/2026 12:00:00 AM","4","9","0","0","0","30.76923076923000","WEB,CRS,IDS,GDS,SYDC","","9","2",""
"27336","Wylie Center & Tupper Manor at Endicott College","KB","King Room","11/14/2026 12:00:00 AM","1","1","0","0","0","50.00000000000000","WEB,CRS,IDS,GDS,SYDC","1","","1",""
"27336","Wylie Center & Tupper Manor at Endicott College","PSG","Signature Queen","11/14/2026 12:00:00 AM","24","8","0","0","0","75.00000000000000","WEB,CRS,IDS,GDS,SYDC","5","3","1",""
"27336","Wylie Center & Tupper Manor at Endicott College","SACC","Standard Queen Handicap Accessible","11/14/2026 12:00:00 AM","2","0","0","0","0","100.00000000000000","WEB,CRS,GDS,SYDC","","","1",""
"27336","Wylie Center & Tupper Manor at Endicott College","SG","Endicott Queen","11/15/2026 12:00:00 AM","21","1","0","0","0","95.45454545454500","WEB,CRS,IDS,GDS,SYDC","","1","8",""
"27336","Wylie Center & Tupper Manor at Endicott College","KB","King Room","11/15/2026 12:00:00 AM","4","0","0","0","0","100.00000000000000","WEB,CRS,IDS,GDS,SYDC","","","1",""
"27336","Wylie Center & Tupper Manor at Endicott College","PSG","Signature Queen","11/15/2026 12:00:00 AM","37","1","0","0","0","97.36842105263100","WEB,CRS,IDS,GDS,SYDC","","1","7",""
"27336","Wylie Center & Tupper Manor at Endicott College","SACC","Standard Queen Handicap Accessible","11/15/2026 12:00:00 AM","3","0","0","0","0","100.00000000000000","WEB,CRS,GDS,SYDC","","","",""
"27336","Wylie Center & Tupper Manor at Endicott College","SG","Endicott Queen","11/16/2026 12:00:00 AM","26","0","0","0","0","100.00000000000000","WEB,CRS,IDS,GDS,SYDC","","","1",""
"27336","Wylie Center & Tupper Manor at Endicott College","KB","King Room","11/16/2026 12:00:00 AM","5","0","0","0","0","100.00000000000000","WEB,CRS,IDS,GDS,SYDC","","","",""
"27336","Wylie Center & Tupper Manor at Endicott College","PSG","Signature Queen","11/16/2026 12:00:00 AM","45","2","0","0","0","95.74468085106300","WEB,CRS,IDS,GDS,SYDC","2","","1",""
"27336","Wylie Center & Tupper Manor at Endicott College","SACC","Standard Queen Handicap Accessible","11/16/2026 12:00:00 AM","3","0","0","0","0","100.00000000000000","WEB,CRS,GDS,SYDC","","","",""
"27336","Wylie Center & Tupper Manor at Endicott College","SG","Endicott Queen","11/17/2026 12:00:00 AM","26","0","0","0","0","100.00000000000000","WEB,CRS,IDS,GDS,SYDC","","","",""
"27336","Wylie Center & Tupper Manor at Endicott College","KB","King Room","11/17/2026 12:00:00 AM","5","0","0","0","0","100.00000000000000","WEB,CRS,IDS,GDS,SYDC","","","",""
"27336","Wylie Center & Tupper Manor at Endicott College","PSG","Signature Queen","11/17/2026 12:00:00 AM","43","4","0","0","0","91.48936170212700","WEB,CRS,IDS,GDS,SYDC","2","2","",""
"27336","Wylie Center & Tupper Manor at Endicott College","SACC","Standard Queen Handicap Accessible","11/17/2026 12:00:00 AM","3","0","0","0","0","100.00000000000000","WEB,CRS,GDS,SYDC","","","",""
"27336","Wylie Center & Tupper Manor at Endicott College","SG","Endicott Queen","11/18/2026 12:00:00 AM","25","1","0","0","0","96.15384615384600","WEB,CRS,IDS,GDS,SYDC","1","","",""
"27336","Wylie Center & Tupper Manor at Endicott College","KB","King Room","11/18/2026 12:00:00 AM","5","0","0","0","0","100.00000000000000","WEB,CRS,IDS,GDS,SYDC","","","",""
"27336","Wylie Center & Tupper Manor at Endicott College","PSG","Signature Queen","11/18/2026 12:00:00 AM","43","4","0","0","0","91.48936170212700","WEB,CRS,IDS,GDS,SYDC","","4","",""
"27336","Wylie Center & Tupper Manor at Endicott College","SACC","Standard Queen Handicap Accessible","11/18/2026 12:00:00 AM","3","0","0","0","0","100.00000000000000","WEB,CRS,GDS,SYDC","","","",""
"27336","Wylie Center & Tupper Manor at Endicott College","SG","Endicott Queen","11/19/2026 12:00:00 AM","22","1","0","0","0","95.65217391304300","WEB,CRS,IDS,GDS,SYDC","","1","",""
"27336","Wylie Center & Tupper Manor at Endicott College","KB","King Room","11/19/2026 12:00:00 AM","3","0","0","0","0","100.00000000000000","WEB,CRS,IDS,GDS,SYDC","","","",""
"27336","Wylie Center & Tupper Manor at Endicott College","PSG","Signature Queen","11/19/2026 12:00:00 AM","38","4","0","0","0","90.47619047619000","WEB,CRS,IDS,GDS,SYDC","","4","",""
"27336","Wylie Center & Tupper Manor at Endicott College","SACC","Standard Queen Handicap Accessible","11/19/2026 12:00:00 AM","3","0","0","0","0","100.00000000000000","WEB,CRS,GDS,SYDC","","","",""
"27336","Wylie Center & Tupper Manor at Endicott College","SG","Endicott Queen","11/20/2026 12:00:00 AM","17","2","0","0","0","89.47368421052600","WEB,CRS,IDS,GDS,SYDC","1","1","",""
"27336","Wylie Center & Tupper Manor at Endicott College","KB","King Room","11/20/2026 12:00:00 AM","0","1","0","0","0","0.00000000000000","WEB,CRS,IDS,GDS,SYDC","1","","",""
"27336","Wylie Center & Tupper Manor at Endicott College","PSG","Signature Queen","11/20/2026 12:00:00 AM","26","6","0","0","0","81.25000000000000","WEB,CRS,IDS,GDS,SYDC","2","4","",""
"27336","Wylie Center & Tupper Manor at Endicott College","SACC","Standard Queen Handicap Accessible","11/20/2026 12:00:00 AM","3","0","0","0","0","100.00000000000000","WEB,CRS,GDS,SYDC","","","",""
"27336","Wylie Center & Tupper Manor at Endicott College","SG","Endicott Queen","11/21/2026 12:00:00 AM","19","1","0","0","0","95.00000000000000","WEB,CRS,IDS,GDS,SYDC","","1","1",""
"27336","Wylie Center & Tupper Manor at Endicott College","KB","King Room","11/21/2026 12:00:00 AM","1","1","0","0","0","50.00000000000000","WEB,CRS,IDS,GDS,SYDC","1","","1",""
"27336","Wylie Center & Tupper Manor at Endicott College","PSG","Signature Queen","11/21/2026 12:00:00 AM","31","6","0","0","0","83.78378378378300","WEB,CRS,IDS,GDS,SYDC","","6","",""
"27336","Wylie Center & Tupper Manor at Endicott College","SACC","Standard Queen Handicap Accessible","11/21/2026 12:00:00 AM","3","0","0","0","0","100.00000000000000","WEB,CRS,GDS,SYDC","","","",""
"27336","Wylie Center & Tupper Manor at Endicott College","SG","Endicott Queen","11/22/2026 12:00:00 AM","25","1","0","0","0","96.15384615384600","WEB,CRS,IDS,GDS,SYDC","","1","",""
"27336","Wylie Center & Tupper Manor at Endicott College","KB","King Room","11/22/2026 12:00:00 AM","5","0","0","0","0","100.00000000000000","WEB,CRS,IDS,GDS,SYDC","","","1",""
"27336","Wylie Center & Tupper Manor at Endicott College","PSG","Signature Queen","11/22/2026 12:00:00 AM","42","5","0","0","0","89.36170212765900","WEB,CRS,IDS,GDS,SYDC","1","4","2",""
"27336","Wylie Center & Tupper Manor at Endicott College","SACC","Standard Queen Handicap Accessible","11/22/2026 12:00:00 AM","3","0","0","0","0","100.00000000000000","WEB,CRS,GDS,SYDC","","","",""
"27336","Wylie Center & Tupper Manor at Endicott College","SG","Endicott Queen","11/23/2026 12:00:00 AM","25","1","0","0","0","96.15384615384600","WEB,CRS,IDS,GDS,SYDC","","1","",""
"27336","Wylie Center & Tupper Manor at Endicott College","KB","King Room","11/23/2026 12:00:00 AM","5","0","0","0","0","100.00000000000000","WEB,CRS,IDS,GDS,SYDC","","","",""
"27336","Wylie Center & Tupper Manor at Endicott College","PSG","Signature Queen","11/23/2026 12:00:00 AM","44","3","0","0","0","93.61702127659500","WEB,CRS,IDS,GDS,SYDC","2","1","4",""
"27336","Wylie Center & Tupper Manor at Endicott College","SACC","Standard Queen Handicap Accessible","11/23/2026 12:00:00 AM","3","0","0","0","0","100.00000000000000","WEB,CRS,GDS,SYDC","","","",""
"27336","Wylie Center & Tupper Manor at Endicott College","SG","Endicott Queen","11/24/2026 12:00:00 AM","26","0","0","0","0","100.00000000000000","WEB,CRS,IDS,GDS,SYDC","","","1",""
"27336","Wylie Center & Tupper Manor at Endicott College","KB","King Room","11/24/2026 12:00:00 AM","5","0","0","0","0","100.00000000000000","WEB,CRS,IDS,GDS,SYDC","","","",""
"27336","Wylie Center & Tupper Manor at Endicott College","PSG","Signature Queen","11/24/2026 12:00:00 AM","42","5","0","0","0","89.36170212765900","WEB,CRS,IDS,GDS,SYDC","2","3","",""
"27336","Wylie Center & Tupper Manor at Endicott College","SACC","Standard Queen Handicap Accessible","11/24/2026 12:00:00 AM","3","0","0","0","0","100.00000000000000","WEB,CRS,GDS,SYDC","","","",""
"27336","Wylie Center & Tupper Manor at Endicott College","SG","Endicott Queen","11/25/2026 12:00:00 AM","25","0","0","0","0","100.00000000000000","WEB,CRS,IDS,GDS,SYDC","","","",""
"27336","Wylie Center & Tupper Manor at Endicott College","KB","King Room","11/25/2026 12:00:00 AM","5","0","0","0","0","100.00000000000000","WEB,CRS,IDS,GDS,SYDC","","","",""
"27336","Wylie Center & Tupper Manor at Endicott College","PSG","Signature Queen","11/25/2026 12:00:00 AM","40","7","0","0","0","85.10638297872300","WEB,CRS,IDS,GDS,SYDC","3","4","1",""
"27336","Wylie Center & Tupper Manor at Endicott College","SACC","Standard Queen Handicap Accessible","11/25/2026 12:00:00 AM","3","0","0","0","0","100.00000000000000","WEB,CRS,GDS,SYDC","","","",""
"27336","Wylie Center & Tupper Manor at Endicott College","SG","Endicott Queen","11/26/2026 12:00:00 AM","26","0","0","0","0","100.00000000000000","WEB,CRS,IDS,GDS,SYDC","","","",""
"27336","Wylie Center & Tupper Manor at Endicott College","KB","King Room","11/26/2026 12:00:00 AM","5","0","0","0","0","100.00000000000000","WEB,CRS,IDS,GDS,SYDC","","","",""
"27336","Wylie Center & Tupper Manor at Endicott College","PSG","Signature Queen","11/26/2026 12:00:00 AM","38","9","0","0","0","80.85106382978700","WEB,CRS,IDS,GDS,SYDC","2","7","",""
"27336","Wylie Center & Tupper Manor at Endicott College","SACC","Standard Queen Handicap Accessible","11/26/2026 12:00:00 AM","3","0","0","0","0","100.00000000000000","WEB,CRS,GDS,SYDC","","","",""
"27336","Wylie Center & Tupper Manor at Endicott College","SG","Endicott Queen","11/27/2026 12:00:00 AM","26","0","0","0","0","100.00000000000000","WEB,CRS,IDS,GDS,SYDC","","","",""
"27336","Wylie Center & Tupper Manor at Endicott College","KB","King Room","11/27/2026 12:00:00 AM","5","0","0","0","0","100.00000000000000","WEB,CRS,IDS,GDS,SYDC","","","",""
"27336","Wylie Center & Tupper Manor at Endicott College","PSG","Signature Queen","11/27/2026 12:00:00 AM","39","8","0","0","0","82.97872340425500","WEB,CRS,IDS,GDS,SYDC","1","7","2",""
"27336","Wylie Center & Tupper Manor at Endicott College","SACC","Standard Queen Handicap Accessible","11/27/2026 12:00:00 AM","3","0","0","0","0","100.00000000000000","WEB,CRS,GDS,SYDC","","","",""
"27336","Wylie Center & Tupper Manor at Endicott College","SG","Endicott Queen","11/28/2026 12:00:00 AM","26","0","0","0","0","100.00000000000000","WEB,CRS,IDS,GDS,SYDC","","","",""
"27336","Wylie Center & Tupper Manor at Endicott College","KB","King Room","11/28/2026 12:00:00 AM","5","0","0","0","0","100.00000000000000","WEB,CRS,IDS,GDS,SYDC","","","",""
"27336","Wylie Center & Tupper Manor at Endicott College","PSG","Signature Queen","11/28/2026 12:00:00 AM","43","4","0","0","0","91.48936170212700","WEB,CRS,IDS,GDS,SYDC","2","2","6",""
"27336","Wylie Center & Tupper Manor at Endicott College","SACC","Standard Queen Handicap Accessible","11/28/2026 12:00:00 AM","3","0","0","0","0","100.00000000000000","WEB,CRS,GDS,SYDC","","","",""
"27336","Wylie Center & Tupper Manor at Endicott College","SG","Endicott Queen","11/29/2026 12:00:00 AM","26","0","0","0","0","100.00000000000000","WEB,CRS,IDS,GDS,SYDC","","","",""
"27336","Wylie Center & Tupper Manor at Endicott College","KB","King Room","11/29/2026 12:00:00 AM","5","0","0","0","0","100.00000000000000","WEB,CRS,IDS,GDS,SYDC","","","",""
"27336","Wylie Center & Tupper Manor at Endicott College","PSG","Signature Queen","11/29/2026 12:00:00 AM","45","2","0","0","0","95.74468085106300","WEB,CRS,IDS,GDS,SYDC","","2","2",""
"27336","Wylie Center & Tupper Manor at Endicott College","SACC","Standard Queen Handicap Accessible","11/29/2026 12:00:00 AM","3","0","0","0","0","100.00000000000000","WEB,CRS,GDS,SYDC","","","",""
"27336","Wylie Center & Tupper Manor at Endicott College","SG","Endicott Queen","11/30/2026 12:00:00 AM","26","0","0","0","0","100.00000000000000","WEB,CRS,IDS,GDS,SYDC","","","",""
"27336","Wylie Center & Tupper Manor at Endicott College","KB","King Room","11/30/2026 12:00:00 AM","5","0","0","0","0","100.00000000000000","WEB,CRS,IDS,GDS,SYDC","","","",""
"27336","Wylie Center & Tupper Manor at Endicott College","PSG","Signature Queen","11/30/2026 12:00:00 AM","47","0","0","0","0","100.00000000000000","WEB,CRS,IDS,GDS,SYDC","","","2",""
"27336","Wylie Center & Tupper Manor at Endicott College","SACC","Standard Queen Handicap Accessible","11/30/2026 12:00:00 AM","3","0","0","0","0","100.00000000000000","WEB,CRS,GDS,SYDC","","","",""
"27336","Wylie Center & Tupper Manor at Endicott College","SG","Endicott Queen","12/1/2026 12:00:00 AM","26","0","0","0","0","100.00000000000000","WEB,CRS,IDS,GDS,SYDC","","","",""
"27336","Wylie Center & Tupper Manor at Endicott College","KB","King Room","12/1/2026 12:00:00 AM","5","0","0","0","0","100.00000000000000","WEB,CRS,IDS,GDS,SYDC","","","",""
"27336","Wylie Center & Tupper Manor at Endicott College","PSG","Signature Queen","12/1/2026 12:00:00 AM","47","0","0","0","0","100.00000000000000","WEB,CRS,IDS,GDS,SYDC","","","",""
"27336","Wylie Center & Tupper Manor at Endicott College","SACC","Standard Queen Handicap Accessible","12/1/2026 12:00:00 AM","3","0","0","0","0","100.00000000000000","WEB,CRS,GDS,SYDC","","","",""
"27336","Wylie Center & Tupper Manor at Endicott College","SG","Endicott Queen","12/2/2026 12:00:00 AM","26","0","0","0","0","100.00000000000000","WEB,CRS,IDS,GDS,SYDC","","","",""
"27336","Wylie Center & Tupper Manor at Endicott College","KB","King Room","12/2/2026 12:00:00 AM","5","0","0","0","0","100.00000000000000","WEB,CRS,IDS,GDS,SYDC","","","",""
"27336","Wylie Center & Tupper Manor at Endicott College","PSG","Signature Queen","12/2/2026 12:00:00 AM","47","0","0","0","0","100.00000000000000","WEB,CRS,IDS,GDS,SYDC","","","",""
"27336","Wylie Center & Tupper Manor at Endicott College","SACC","Standard Queen Handicap Accessible","12/2/2026 12:00:00 AM","3","0","0","0","0","100.00000000000000","WEB,CRS,GDS,SYDC","","","",""
"27336","Wylie Center & Tupper Manor at Endicott College","SG","Endicott Queen","12/3/2026 12:00:00 AM","26","0","0","0","0","100.00000000000000","WEB,CRS,IDS,GDS,SYDC","","","",""
"27336","Wylie Center & Tupper Manor at Endicott College","KB","King Room","12/3/2026 12:00:00 AM","5","0","0","0","0","100.00000000000000","WEB,CRS,IDS,GDS,SYDC","","","",""
"27336","Wylie Center & Tupper Manor at Endicott College","PSG","Signature Queen","12/3/2026 12:00:00 AM","47","0","0","0","0","100.00000000000000","WEB,CRS,IDS,GDS,SYDC","","","",""
"27336","Wylie Center & Tupper Manor at Endicott College","SACC","Standard Queen Handicap Accessible","12/3/2026 12:00:00 AM","3","0","0","0","0","100.00000000000000","WEB,CRS,GDS,SYDC","","","",""
"27336","Wylie Center & Tupper Manor at Endicott College","SG","Endicott Queen","12/4/2026 12:00:00 AM","0","0","0","0","0","0.00000000000000","WEB,CRS,IDS,GDS,SYDC","","","",""
"27336","Wylie Center & Tupper Manor at Endicott College","KB","King Room","12/4/2026 12:00:00 AM","0","0","0","0","0","0.00000000000000","WEB,CRS,IDS,GDS,SYDC","","","",""
"27336","Wylie Center & Tupper Manor at Endicott College","PSG","Signature Queen","12/4/2026 12:00:00 AM","-1","0","0","0","0","100.00000000000000","WEB,CRS,IDS,GDS,SYDC","","","",""
"27336","Wylie Center & Tupper Manor at Endicott College","SACC","Standard Queen Handicap Accessible","12/4/2026 12:00:00 AM","0","0","0","0","0","0.00000000000000","WEB,CRS,GDS,SYDC","","","",""
"27336","Wylie Center & Tupper Manor at Endicott College","SG","Endicott Queen","12/5/2026 12:00:00 AM","6","0","0","0","0","100.00000000000000","WEB,CRS,IDS,GDS,SYDC","","","",""
"27336","Wylie Center & Tupper Manor at Endicott College","KB","King Room","12/5/2026 12:00:00 AM","1","0","0","0","0","100.00000000000000","WEB,CRS,IDS,GDS,SYDC","","","",""
"27336","Wylie Center & Tupper Manor at Endicott College","PSG","Signature Queen","12/5/2026 12:00:00 AM","6","0","0","0","0","100.00000000000000","WEB,CRS,IDS,GDS,SYDC","","","",""
"27336","Wylie Center & Tupper Manor at Endicott College","SACC","Standard Queen Handicap Accessible","12/5/2026 12:00:00 AM","3","0","0","0","0","100.00000000000000","WEB,CRS,GDS,SYDC","","","",""
"27336","Wylie Center & Tupper Manor at Endicott College","SG","Endicott Queen","12/6/2026 12:00:00 AM","26","0","0","0","0","100.00000000000000","WEB,CRS,IDS,GDS,SYDC","","","",""
"27336","Wylie Center & Tupper Manor at Endicott College","KB","King Room","12/6/2026 12:00:00 AM","5","0","0","0","0","100.00000000000000","WEB,CRS,IDS,GDS,SYDC","","","",""
"27336","Wylie Center & Tupper Manor at Endicott College","PSG","Signature Queen","12/6/2026 12:00:00 AM","44","0","0","0","0","100.00000000000000","WEB,CRS,IDS,GDS,SYDC","","","",""
"27336","Wylie Center & Tupper Manor at Endicott College","SACC","Standard Queen Handicap Accessible","12/6/2026 12:00:00 AM","3","0","0","0","0","100.00000000000000","WEB,CRS,GDS,SYDC","","","",""
"27336","Wylie Center & Tupper Manor at Endicott College","SG","Endicott Queen","12/7/2026 12:00:00 AM","26","0","0","0","0","100.00000000000000","WEB,CRS,IDS,GDS,SYDC","","","",""
"27336","Wylie Center & Tupper Manor at Endicott College","KB","King Room","12/7/2026 12:00:00 AM","5","0","0","0","0","100.00000000000000","WEB,CRS,IDS,GDS,SYDC","","","",""
"27336","Wylie Center & Tupper Manor at Endicott College","PSG","Signature Queen","12/7/2026 12:00:00 AM","39","0","0","0","0","100.00000000000000","WEB,CRS,IDS,GDS,SYDC","","","",""
"27336","Wylie Center & Tupper Manor at Endicott College","SACC","Standard Queen Handicap Accessible","12/7/2026 12:00:00 AM","3","0","0","0","0","100.00000000000000","WEB,CRS,GDS,SYDC","","","",""
"27336","Wylie Center & Tupper Manor at Endicott College","SG","Endicott Queen","12/8/2026 12:00:00 AM","26","0","0","0","0","100.00000000000000","WEB,CRS,IDS,GDS,SYDC","","","",""
"27336","Wylie Center & Tupper Manor at Endicott College","KB","King Room","12/8/2026 12:00:00 AM","5","0","0","0","0","100.00000000000000","WEB,CRS,IDS,GDS,SYDC","","","",""
"27336","Wylie Center & Tupper Manor at Endicott College","PSG","Signature Queen","12/8/2026 12:00:00 AM","39","0","0","0","0","100.00000000000000","WEB,CRS,IDS,GDS,SYDC","","","",""
"27336","Wylie Center & Tupper Manor at Endicott College","SACC","Standard Queen Handicap Accessible","12/8/2026 12:00:00 AM","3","0","0","0","0","100.00000000000000","WEB,CRS,GDS,SYDC","","","",""
"27336","Wylie Center & Tupper Manor at Endicott College","SG","Endicott Queen","12/9/2026 12:00:00 AM","26","0","0","0","0","100.00000000000000","WEB,CRS,IDS,GDS,SYDC","","","",""
"27336","Wylie Center & Tupper Manor at Endicott College","KB","King Room","12/9/2026 12:00:00 AM","5","0","0","0","0","100.00000000000000","WEB,CRS,IDS,GDS,SYDC","","","",""
"27336","Wylie Center & Tupper Manor at Endicott College","PSG","Signature Queen","12/9/2026 12:00:00 AM","39","0","0","0","0","100.00000000000000","WEB,CRS,IDS,GDS,SYDC","","","",""
"27336","Wylie Center & Tupper Manor at Endicott College","SACC","Standard Queen Handicap Accessible","12/9/2026 12:00:00 AM","3","0","0","0","0","100.00000000000000","WEB,CRS,GDS,SYDC","","","",""
"27336","Wylie Center & Tupper Manor at Endicott College","SG","Endicott Queen","12/10/2026 12:00:00 AM","26","0","0","0","0","100.00000000000000","WEB,CRS,IDS,GDS,SYDC","","","",""
"27336","Wylie Center & Tupper Manor at Endicott College","KB","King Room","12/10/2026 12:00:00 AM","5","0","0","0","0","100.00000000000000","WEB,CRS,IDS,GDS,SYDC","","","",""
"27336","Wylie Center & Tupper Manor at Endicott College","PSG","Signature Queen","12/10/2026 12:00:00 AM","38","1","0","0","0","97.43589743589700","WEB,CRS,IDS,GDS,SYDC","1","","",""
"27336","Wylie Center & Tupper Manor at Endicott College","SACC","Standard Queen Handicap Accessible","12/10/2026 12:00:00 AM","3","0","0","0","0","100.00000000000000","WEB,CRS,GDS,SYDC","","","",""
"27336","Wylie Center & Tupper Manor at Endicott College","SG","Endicott Queen","12/11/2026 12:00:00 AM","0","0","0","0","0","0.00000000000000","WEB,CRS,IDS,GDS,SYDC","","","",""
"27336","Wylie Center & Tupper Manor at Endicott College","KB","King Room","12/11/2026 12:00:00 AM","2","0","0","0","0","100.00000000000000","WEB,CRS,IDS,GDS,SYDC","","","",""
"27336","Wylie Center & Tupper Manor at Endicott College","PSG","Signature Queen","12/11/2026 12:00:00 AM","8","1","0","0","0","88.88888888888800","WEB,CRS,IDS,GDS,SYDC","","1","",""
"27336","Wylie Center & Tupper Manor at Endicott College","SACC","Standard Queen Handicap Accessible","12/11/2026 12:00:00 AM","3","0","0","0","0","100.00000000000000","WEB,CRS,GDS,SYDC","","","",""
"27336","Wylie Center & Tupper Manor at Endicott College","SG","Endicott Queen","12/12/2026 12:00:00 AM","17","0","0","0","0","100.00000000000000","WEB,CRS,IDS,GDS,SYDC","","","",""
"27336","Wylie Center & Tupper Manor at Endicott College","KB","King Room","12/12/2026 12:00:00 AM","2","0","0","0","0","100.00000000000000","WEB,CRS,IDS,GDS,SYDC","","","",""
"27336","Wylie Center & Tupper Manor at Endicott College","PSG","Signature Queen","12/12/2026 12:00:00 AM","26","1","0","0","0","96.29629629629600","WEB,CRS,IDS,GDS,SYDC","","1","",""
"27336","Wylie Center & Tupper Manor at Endicott College","SACC","Standard Queen Handicap Accessible","12/12/2026 12:00:00 AM","3","0","0","0","0","100.00000000000000","WEB,CRS,GDS,SYDC","","","",""
"27336","Wylie Center & Tupper Manor at Endicott College","SG","Endicott Queen","12/13/2026 12:00:00 AM","26","0","0","0","0","100.00000000000000","WEB,CRS,IDS,GDS,SYDC","","","",""
"27336","Wylie Center & Tupper Manor at Endicott College","KB","King Room","12/13/2026 12:00:00 AM","5","0","0","0","0","100.00000000000000","WEB,CRS,IDS,GDS,SYDC","","","",""
"27336","Wylie Center & Tupper Manor at Endicott College","PSG","Signature Queen","12/13/2026 12:00:00 AM","45","1","0","0","0","97.82608695652100","WEB,CRS,IDS,GDS,SYDC","","1","",""
"27336","Wylie Center & Tupper Manor at Endicott College","SACC","Standard Queen Handicap Accessible","12/13/2026 12:00:00 AM","3","0","0","0","0","100.00000000000000","WEB,CRS,GDS,SYDC","","","",""
"27336","Wylie Center & Tupper Manor at Endicott College","SG","Endicott Queen","12/14/2026 12:00:00 AM","26","0","0","0","0","100.00000000000000","WEB,CRS,IDS,GDS,SYDC","","","",""
"27336","Wylie Center & Tupper Manor at Endicott College","KB","King Room","12/14/2026 12:00:00 AM","5","0","0","0","0","100.00000000000000","WEB,CRS,IDS,GDS,SYDC","","","",""
"27336","Wylie Center & Tupper Manor at Endicott College","PSG","Signature Queen","12/14/2026 12:00:00 AM","46","0","0","0","0","100.00000000000000","WEB,CRS,IDS,GDS,SYDC","","","1",""
"27336","Wylie Center & Tupper Manor at Endicott College","SACC","Standard Queen Handicap Accessible","12/14/2026 12:00:00 AM","3","0","0","0","0","100.00000000000000","WEB,CRS,GDS,SYDC","","","",""
"27336","Wylie Center & Tupper Manor at Endicott College","SG","Endicott Queen","12/15/2026 12:00:00 AM","26","0","0","0","0","100.00000000000000","WEB,CRS,IDS,GDS,SYDC","","","",""
"27336","Wylie Center & Tupper Manor at Endicott College","KB","King Room","12/15/2026 12:00:00 AM","5","0","0","0","0","100.00000000000000","WEB,CRS,IDS,GDS,SYDC","","","",""
"27336","Wylie Center & Tupper Manor at Endicott College","PSG","Signature Queen","12/15/2026 12:00:00 AM","44","1","0","0","0","97.77777777777700","WEB,CRS,IDS,GDS,SYDC","1","","",""
"27336","Wylie Center & Tupper Manor at Endicott College","SACC","Standard Queen Handicap Accessible","12/15/2026 12:00:00 AM","3","0","0","0","0","100.00000000000000","WEB,CRS,GDS,SYDC","","","",""

Report Criteria
view_by,OngoingDateCriteria,start_dt,end_dt
HotelAndDestination,NOT SPECIFIED,9/16/2026 12:00:00 AM,12/15/2026 12:00:00 AM,
