First Name,Last Name,Contact Email,Company Name
Ian,Coryea,ian.coryea@aleragroup.com,Alera Group
Michael,Ferreira,michael.ferreira@aleragroup.com,Alera Group
Seth,Vandegrift,seth.vandegrift@aleragroup.com,Alera Group
Adam,Edgar,adam.edgar@arkksolutions.com,Arkk
James,Bath,james.bath@arkksolutions.com,Arkk
Chris,Hooley,chris.hooley@innoviafilms.com,Innovia Films
Francisco,Carrera,francisco.carrera@innoviafilms.com,Innovia Films
Brooks,Maitland,bmaitland@veson.com,Veson Nautical
Juan,Labarthe,ilabarthe@veson.com,Veson Nautical
Russ,Hubbard,rhubbard@veson.com,Veson Nautical
Julianne,Thompson,julianne.thompson@itential.com,Itential
Kristen,Rachels,kristenrachels@itential.com,Itential
Andrew,Wade,awade@itential.com,Itential
Ronnie,Lau,ronnie.lau@otohotels.com,OTO Development
Eric,Monteiro,emonteiro@otodevelopment.com,OTO Development
Emma,Crowle,emma.crowle@gamma.co.uk,Gamma
Paul,Craft,paul.craft@gamma.co.uk,Gamma
Gregor,Campbell,gregor.campbell@gamma.co.uk,Gamma
Colleen,Lazar,colleen.lazar@cmegroup.com,CME Group
Sambit,Dash,sambit.dash@cmegroup.com,CME Group
Nick,Thomas,nick.thomas@qa.com,QA
Claire,Dudley,claire.dudley@qa.com,QA
Michael,Fazio,mfazio@livunltd.com,LIVunLtd
Sherri,Capo,scapo@livunltd.com,LIVunLtd
Trevor,Irwin,tirwin@livunltd.com,LIVunLtd
James,Weir,james.weir@fortrea.com,Fortrea
Ian,Rentsch,ian.rentsch@fortrea.com,Fortrea
Stephen,Ralph,sralph@wlgore.com,GORE
David,Liss,dliss@wlgore.com,GORE
Thorsten,Buettner,tbuettner@wlgore.com,GORE
Fabien,Shaikh,fabien@lexmore.co.uk,Lexmore Tax Advisory
Christopher,Archibald,chris@lexmore.co.uk,Lexmore Tax Advisory
Stacy,Godfrey,stacy.hartung@syneoshealth.com,Syneos Health
Kristofor,Peterson,kristofor.peterson@syneoshealth.com,Syneos Health
Jennifer,Batey,jennifer.batey@syneoshealth.com,Syneos Health
Joshua,Gregg,joshua.gregg@gc.com,GC GameChanger
Kenneth,Strnad,ken.strnad@gc.com,GC GameChanger
Emm,Casanova,emm@8020.inc,8020
Emma,Schofield,emma.schofield@mrasearch.co.uk,MRA Search
Shelly,Garrison,shellygarrison@texashealth.org,Texas Health Resources
Brian,Asmussen,brianasmussen@texashealth.org,Texas Health Resources
Nicky,Stirling,nicks@thisisalchemist.com,Alchemist
Matthew,Hatch,mhatch@ntmllc.com,Northstar Travel Group
Emily,Morales,emorales@ntmllc.com,Northstar Travel Group
Tony,Seo,tseo@ntmllc.com,Northstar Travel Group
Chelsea,Sumrow,csumrow@firstam.com,First American
Tracy,Berger,tberger@firstam.com,First American
Lee,D'Arcy,lee.darcy@cifas.org.uk,Cifas
Simon,Miller,simon.miller@cifas.org.uk,Cifas
Christine,Kolb,ckolb@sawgrassink.com,Sawgrass Technologies
Ming,Xu,mxu@sawgrassink.com,Sawgrass Technologies
Stephanie,Daniels,sdaniels@lermitagebeverlyhills.com,L'Ermitage Beverly Hills
Dee,Doak,ddoak@lermitagebeverlyhills.com,L'Ermitage Beverly Hills
Natalie,Anderson,natalie.anderson@qa.com,QA
Adrienne,Behmke,adrienne.behmke@aes.com,AES
David,Krupp,david.krupp@aes.com,AES
